date,samples,median_distance_traveled_km,median_distance_traveled_mi,mobility_index,country,state,county,FIPS
3/1/20,,3.684,2.289130764,58,US,California,Alameda County,6001
3/1/20,,4.277,2.657603767,56,US,California,Contra Costa County,6013
3/1/20,,4.502,2.797412242,68,US,California,Marin County,6041
3/1/20,,4.065,2.525873115,78,US,California,Napa County,6055
3/1/20,,3.773,2.344432783,53,US,California,Sacramento County,6067
3/1/20,,2.663,1.654710973,77,US,California,San Francisco County,6075
3/1/20,,3.261,2.026290831,50,US,California,San Joaquin County,6077
3/1/20,,4.522,2.809839662,66,US,California,San Mateo County,6081
3/1/20,,4.088,2.540164648,57,US,California,Santa Clara County,6085
3/1/20,,2.959,1.838636789,64,US,California,Santa Cruz County,6087
3/1/20,,3.327,2.067301317,46,US,California,Solano County,6095
3/1/20,,3.471,2.156778741,56,US,California,Sonoma County,6097
3/1/20,,3.613,2.245013423,62,US,California,Yolo County,6113
3/1/20,,3.876,2.408433996,33,US,California,San Benito County,6062
3/2/20,17269,6.182,3.841315522,98,US,California,Alameda County,6001
3/2/20,14114,7.183,4.463307893,94,US,California,Contra Costa County,6013
3/2/20,1903,6.413,3.984852223,97,US,California,Marin County,6041
3/2/20,1466,5.145,3.196953795,99,US,California,Napa County,6055
3/2/20,20395,6.907,4.291809497,97,US,California,Sacramento County,6067
3/2/20,4139,3.337,2.073515027,97,US,California,San Francisco County,6075
3/2/20,9070,6.284,3.904695364,96,US,California,San Joaquin County,6077
3/2/20,10852,6.775,4.209788525,100,US,California,San Mateo County,6081
3/2/20,19251,7.084,4.401792164,99,US,California,Santa Clara County,6085
3/2/20,2056,4.368,2.714148528,94,US,California,Santa Cruz County,6087
3/2/20,5046,6.81,4.23153651,95,US,California,Solano County,6095
3/2/20,4606,6.164,3.830130844,100,US,California,Sonoma County,6097
3/2/20,3155,5.418,3.366588078,93,US,California,Yolo County,6113
3/2/20,,10.86,6.74808906,93,US,California,San Benito County,6063
3/3/20,18181,6.271,3.896617541,100,US,California,Alameda County,6001
3/3/20,14570,7.574,4.706263954,99,US,California,Contra Costa County,6013
3/3/20,1968,6.593,4.096699003,100,US,California,Marin County,6041
3/3/20,1535,5.123,3.183283633,98,US,California,Napa County,6055
3/3/20,21041,7.075,4.396199825,99,US,California,Sacramento County,6067
3/3/20,5251,3.28,2.03809688,95,US,California,San Francisco County,6075
3/3/20,9409,6.507,4.043261097,99,US,California,San Joaquin County,6077
3/3/20,11824,6.637,4.124039327,97,US,California,San Mateo County,6081
3/3/20,20254,7.105,4.414840955,99,US,California,Santa Clara County,6085
3/3/20,2131,4.598,2.857063858,100,US,California,Santa Cruz County,6087
3/3/20,5194,7.146,4.440317166,99,US,California,Solano County,6095
3/3/20,4765,6.034,3.749352614,97,US,California,Sonoma County,6097
3/3/20,3270,5.739,3.566048169,98,US,California,Yolo County,6113
3/3/20,,9.784,6.079493864,84,US,California,San Benito County,6064
3/4/20,18495,6.209,3.858092539,99,US,California,Alameda County,6001
3/4/20,14782,7.593,4.718070003,100,US,California,Contra Costa County,6013
3/4/20,2060,6.417,3.987337707,97,US,California,Marin County,6041
3/4/20,1573,5.241,3.256605411,101,US,California,Napa County,6055
3/4/20,21452,7.042,4.375694582,99,US,California,Sacramento County,6067
3/4/20,5503,3.463,2.151807773,101,US,California,San Francisco County,6075
3/4/20,9448,6.253,3.885432863,96,US,California,San Joaquin County,6077
3/4/20,12055,6.447,4.005978837,95,US,California,San Mateo County,6081
3/4/20,20720,7.142,4.437831682,100,US,California,Santa Clara County,6085
3/4/20,2191,4.467,2.775664257,97,US,California,Santa Cruz County,6087
3/4/20,5292,7.148,4.441559908,100,US,California,Solano County,6095
3/4/20,4888,5.986,3.719526806,97,US,California,Sonoma County,6097
3/4/20,3358,5.82,3.61637922,100,US,California,Yolo County,6113
3/4/20,,11.628,7.225301988,100,US,California,San Benito County,6065
3/5/20,17496,6.654,4.134602634,106,US,California,Alameda County,6001
3/5/20,14237,7.973,4.954190983,105,US,California,Contra Costa County,6013
3/5/20,1902,6.863,4.264469173,104,US,California,Marin County,6041
3/5/20,1475,5.178,3.217459038,100,US,California,Napa County,6055
3/5/20,20328,7.367,4.577640157,104,US,California,Sacramento County,6067
3/5/20,4693,3.42,2.12508882,100,US,California,San Francisco County,6075
3/5/20,9089,6.97,4.33095587,107,US,California,San Joaquin County,6077
3/5/20,11207,6.836,4.247692156,100,US,California,San Mateo County,6081
3/5/20,19710,7.51,4.66649621,105,US,California,Santa Clara County,6085
3/5/20,2093,5.254,3.264683234,114,US,California,Santa Cruz County,6087
3/5/20,4958,7.804,4.849179284,109,US,California,Solano County,6095
3/5/20,4642,6.504,4.041396984,105,US,California,Sonoma County,6097
3/5/20,3183,6.021,3.741274791,103,US,California,Yolo County,6113
3/5/20,,12.027,7.473229017,103,US,California,San Benito County,6066
3/6/20,16947,6.704,4.165671184,106,US,California,Alameda County,6001
3/6/20,13742,8.116,5.043047036,106,US,California,Contra Costa County,6013
3/6/20,1859,7.033,4.370102243,106,US,California,Marin County,6041
3/6/20,1457,5.331,3.312528801,102,US,California,Napa County,6055
3/6/20,19684,7.872,4.891432512,111,US,California,Sacramento County,6067
3/6/20,4683,3.837,2.384200527,112,US,California,San Francisco County,6075
3/6/20,8701,7.476,4.645369596,114,US,California,San Joaquin County,6077
3/6/20,11108,7.065,4.389986115,104,US,California,San Mateo County,6081
3/6/20,19002,7.276,4.521095396,101,US,California,Santa Clara County,6085
3/6/20,1984,4.956,3.079514676,107,US,California,Santa Cruz County,6087
3/6/20,4810,8.338,5.180991398,116,US,California,Solano County,6095
3/6/20,4479,6.962,4.325984902,112,US,California,Sonoma County,6097
3/6/20,3021,7.277,4.521716767,125,US,California,Yolo County,6113
3/6/20,,13.651,8.482335521,117,US,California,San Benito County,6067
3/7/20,16911,4.869,3.025455399,77,US,California,Alameda County,6001
3/7/20,13624,6.104,3.792848584,80,US,California,Contra Costa County,6013
3/7/20,1793,6.115,3.799683665,92,US,California,Marin County,6041
3/7/20,1492,4.498,2.794926758,86,US,California,Napa County,6055
3/7/20,19995,5.212,3.238585652,73,US,California,Sacramento County,6067
3/7/20,4377,3.065,1.904502115,89,US,California,San Francisco County,6075
3/7/20,8809,4.792,2.977609832,73,US,California,San Joaquin County,6077
3/7/20,10483,5.602,3.480920342,82,US,California,San Mateo County,6081
3/7/20,18713,5.236,3.253498556,73,US,California,Santa Clara County,6085
3/7/20,2027,3.589,2.230100519,78,US,California,Santa Cruz County,6087
3/7/20,4911,4.718,2.931628378,66,US,California,Solano County,6095
3/7/20,4480,4.933,3.065223143,80,US,California,Sonoma County,6097
3/7/20,3029,5.211,3.237964281,89,US,California,Yolo County,6113
3/7/20,,8.212,5.102698652,70,US,California,San Benito County,6068
3/8/20,17146,3.408,2.117632368,54,US,California,Alameda County,6001
3/8/20,13765,4.086,2.538921906,53,US,California,Contra Costa County,6013
3/8/20,1845,4.475,2.780635225,67,US,California,Marin County,6041
3/8/20,1509,3.608,2.241906568,69,US,California,Napa County,6055
3/8/20,20611,3.873,2.406569883,54,US,California,Sacramento County,6067
3/8/20,803,3.883,2.412783593,33,US,California,San Benito County,6069
3/8/20,4609,2.622,1.629234762,76,US,California,San Francisco County,6075
3/8/20,8825,3.61,2.24314931,55,US,California,San Joaquin County,6077
3/8/20,10608,4.103,2.549485213,60,US,California,San Mateo County,6081
3/8/20,19051,3.873,2.406569883,54,US,California,Santa Clara County,6085
3/8/20,2095,3.409,2.118253739,74,US,California,Santa Cruz County,6087
3/8/20,4906,3.562,2.213323502,49,US,California,Solano County,6095
3/8/20,4537,3.645,2.264897295,59,US,California,Sonoma County,6097
3/8/20,3102,3.46,2.14994366,59,US,California,Yolo County,6113
3/9/20,18023,5.5,3.4175405,87,US,California,Alameda County,6001
3/9/20,14681,6.683,4.152622393,88,US,California,Contra Costa County,6013
3/9/20,1924,5.986,3.719526806,90,US,California,Marin County,6041
3/9/20,1548,5.11,3.17520581,98,US,California,Napa County,6055
3/9/20,21024,6.542,4.065009082,92,US,California,Sacramento County,6067
3/9/20,852,7.318,4.547192978,62,US,California,San Benito County,6069
3/9/20,4720,2.699,1.677080329,78,US,California,San Francisco County,6075
3/9/20,9298,6.131,3.809625601,94,US,California,San Joaquin County,6077
3/9/20,11492,5.787,3.595873977,85,US,California,San Mateo County,6081
3/9/20,20027,5.975,3.712691725,83,US,California,Santa Clara County,6085
3/9/20,2154,4.457,2.769450547,96,US,California,Santa Cruz County,6087
3/9/20,5181,6.316,3.924579236,88,US,California,Solano County,6095
3/9/20,4763,5.927,3.682865917,96,US,California,Sonoma County,6097
3/9/20,3244,4.88,3.03229048,83,US,California,Yolo County,6113
3/10/20,16721,5.8,3.6039518,92,US,California,Alameda County,6001
3/10/20,13818,7.319,4.547814349,96,US,California,Contra Costa County,6013
3/10/20,1862,6.134,3.811489714,93,US,California,Marin County,6041
3/10/20,1402,5.181,3.219323151,100,US,California,Napa County,6055
3/10/20,19495,7.246,4.502454266,102,US,California,Sacramento County,6067
3/10/20,829,10.675,6.633135425,91,US,California,San Benito County,6069
3/10/20,4098,2.894,1.798247674,84,US,California,San Francisco County,6075
3/10/20,8685,6.614,4.109747794,101,US,California,San Joaquin County,6077
3/10/20,10623,6.322,3.928307462,93,US,California,San Mateo County,6081
3/10/20,18694,6.322,3.928307462,88,US,California,Santa Clara County,6085
3/10/20,2010,4.152,2.579932392,90,US,California,Santa Cruz County,6087
3/10/20,4903,7.261,4.511774831,101,US,California,Solano County,6095
3/10/20,4448,6.536,4.061280856,106,US,California,Sonoma County,6097
3/10/20,3060,5.738,3.565426798,98,US,California,Yolo County,6113
3/11/20,17827,5.552,3.449851792,88,US,California,Alameda County,6001
3/11/20,14533,6.868,4.267576028,90,US,California,Contra Costa County,6013
3/11/20,1911,6.166,3.831373586,93,US,California,Marin County,6041
3/11/20,1542,4.576,2.843393696,88,US,California,Napa County,6055
3/11/20,20709,7.05,4.38066555,99,US,California,Sacramento County,6067
3/11/20,882,12.247,7.609930637,105,US,California,San Benito County,6069
3/11/20,4709,3.005,1.867219855,87,US,California,San Francisco County,6075
3/11/20,9277,6.279,3.901588509,96,US,California,San Joaquin County,6077
3/11/20,11419,5.944,3.693429224,87,US,California,San Mateo County,6081
3/11/20,19838,6.062,3.766751002,84,US,California,Santa Clara County,6085
3/11/20,2105,4.509,2.801761839,98,US,California,Santa Cruz County,6087
3/11/20,5217,7.182,4.462686522,100,US,California,Solano County,6095
3/11/20,4759,6.056,3.763022776,98,US,California,Sonoma County,6097
3/11/20,3204,5.894,3.662360674,101,US,California,Yolo County,6113
3/12/20,17556,5.361,3.331169931,85,US,California,Alameda County,6001
3/12/20,14345,6.668,4.143301828,87,US,California,Contra Costa County,6013
3/12/20,1945,6.132,3.810246972,93,US,California,Marin County,6041
3/12/20,1521,5.294,3.289538074,102,US,California,Napa County,6055
3/12/20,20567,6.987,4.341519177,98,US,California,Sacramento County,6067
3/12/20,862,8.203,5.097106313,70,US,California,San Benito County,6069
3/12/20,4587,2.79,1.73362509,81,US,California,San Francisco County,6075
3/12/20,9087,6.105,3.793469955,93,US,California,San Joaquin County,6077
3/12/20,11283,5.609,3.485269939,82,US,California,San Mateo County,6081
3/12/20,19904,5.582,3.468492922,78,US,California,Santa Clara County,6085
3/12/20,2069,3.95,2.45441545,85,US,California,Santa Cruz County,6087
3/12/20,5136,6.692,4.158214732,93,US,California,Solano County,6095
3/12/20,4713,6.379,3.963725609,103,US,California,Sonoma County,6097
3/12/20,3188,5.91,3.67230261,101,US,California,Yolo County,6113
3/13/20,16949,5.254,3.264683234,83,US,California,Alameda County,6001
3/13/20,13897,6.51,4.04512521,85,US,California,Contra Costa County,6013
3/13/20,1847,5.552,3.449851792,84,US,California,Marin County,6041
3/13/20,1454,5.912,3.673545352,114,US,California,Napa County,6055
3/13/20,20149,7.12,4.42416152,100,US,California,Sacramento County,6067
3/13/20,801,9.681,6.015492651,83,US,California,San Benito County,6069
3/13/20,4082,2.984,1.854171064,87,US,California,San Francisco County,6075
3/13/20,8866,6.466,4.017784886,99,US,California,San Joaquin County,6077
3/13/20,10638,5.883,3.655525593,86,US,California,San Mateo County,6081
3/13/20,19087,5.525,3.433074775,77,US,California,Santa Clara County,6085
3/13/20,1970,4.06,2.52276626,88,US,California,Santa Cruz County,6087
3/13/20,4899,7.4,4.5981454,103,US,California,Solano County,6095
3/13/20,4503,6.286,3.905938106,101,US,California,Sonoma County,6097
3/13/20,3103,6.028,3.745624388,103,US,California,Yolo County,6113
3/14/20,16397,2.501,1.554048871,39,US,California,Alameda County,6001
3/14/20,13542,3.24,2.01324204,42,US,California,Contra Costa County,6013
3/14/20,1787,3.18,1.97595978,48,US,California,Marin County,6041
3/14/20,1445,3.206,1.992115426,61,US,California,Napa County,6055
3/14/20,19420,3.255,2.022562605,46,US,California,Sacramento County,6067
3/14/20,818,3.441,2.138137611,29,US,California,San Benito County,6069
3/14/20,3901,1.305,0.810889155,38,US,California,San Francisco County,6075
3/14/20,8672,3.36,2.08780656,51,US,California,San Joaquin County,6077
3/14/20,10220,2.899,1.801354529,42,US,California,San Mateo County,6081
3/14/20,18393,2.745,1.705663395,38,US,California,Santa Clara County,6085
3/14/20,1994,1.981,1.230935951,43,US,California,Santa Cruz County,6087
3/14/20,4854,3.005,1.867219855,42,US,California,Solano County,6095
3/14/20,4412,3.256,2.023183976,52,US,California,Sonoma County,6097
3/14/20,2974,3.228,2.005785588,55,US,California,Yolo County,6113
3/15/20,15782,1.304,0.810267784,20,US,California,Alameda County,6001
3/15/20,13203,1.839,1.142701269,24,US,California,Contra Costa County,6013
3/15/20,1710,2.138,1.328491198,32,US,California,Marin County,6041
3/15/20,1390,2.513,1.561505323,48,US,California,Napa County,6055
3/15/20,19223,1.808,1.123438768,25,US,California,Sacramento County,6067
3/15/20,750,1.228,0.763043588,10,US,California,San Benito County,6069
3/15/20,3609,0.671,0.416939941,19,US,California,San Francisco County,6075
3/15/20,8325,1.728,1.073729088,26,US,California,San Joaquin County,6077
3/15/20,9894,1.708,1.061301668,25,US,California,San Mateo County,6081
3/15/20,17721,1.28,0.79535488,17,US,California,Santa Clara County,6085
3/15/20,1917,1.419,0.881725449,30,US,California,Santa Cruz County,6087
3/15/20,4704,1.951,1.212294821,27,US,California,Solano County,6095
3/15/20,4185,2.107,1.309228697,34,US,California,Sonoma County,6097
3/15/20,2889,1.739,1.080564169,29,US,California,Yolo County,6113
3/16/20,14667,3.749,2.329519879,59,US,California,Alameda County,6001
3/16/20,12321,4.527,2.812946517,59,US,California,Contra Costa County,6013
3/16/20,1648,3.722,2.312742862,56,US,California,Marin County,6041
3/16/20,1225,4.004,2.487969484,77,US,California,Napa County,6055
3/16/20,17623,4.999,3.106233629,70,US,California,Sacramento County,6067
3/16/20,758,5.233,3.251634443,45,US,California,San Benito County,6069
3/16/20,3191,1.648,1.024019408,48,US,California,San Francisco County,6075
3/16/20,7845,4.58,2.84587918,70,US,California,San Joaquin County,6077
3/16/20,9231,3.914,2.432046094,57,US,California,San Mateo County,6081
3/16/20,16629,3.615,2.246256165,50,US,California,Santa Clara County,6085
3/16/20,1764,2.794,1.736110574,60,US,California,Santa Cruz County,6087
3/16/20,4359,4.947,3.073922337,69,US,California,Solano County,6095
3/16/20,3772,4.524,2.811082404,73,US,California,Sonoma County,6097
3/16/20,2652,4.179,2.596709409,71,US,California,Yolo County,6113
3/17/20,15117,0.451,0.280238321,7,US,California,Alameda County,6001
3/17/20,12646,1.008,0.626341968,13,US,California,Contra Costa County,6013
3/17/20,1634,1.226,0.761800846,18,US,California,Marin County,6041
3/17/20,1315,2.966,1.842986386,57,US,California,Napa County,6055
3/17/20,18564,3.922,2.437017062,55,US,California,Sacramento County,6067
3/17/20,781,2.43,1.50993153,20,US,California,San Benito County,6069
3/17/20,3310,0.069,0.042874599,2,US,California,San Francisco County,6075
3/17/20,8225,3.639,2.261169069,55,US,California,San Joaquin County,6077
3/17/20,9527,0.64,0.39767744,9,US,California,San Mateo County,6081
3/17/20,17131,0.253,0.157206863,3,US,California,Santa Clara County,6085
3/17/20,1798,1.074,0.667352454,23,US,California,Santa Cruz County,6087
3/17/20,4575,3.339,2.074757769,46,US,California,Solano County,6095
3/17/20,3913,3.284,2.040582364,53,US,California,Sonoma County,6097
3/17/20,2791,3.412,2.120117852,58,US,California,Yolo County,6113
3/18/20,13738,0.68,0.42253228,10,US,California,Alameda County,6001
3/18/20,11712,1.21,0.75185891,15,US,California,Contra Costa County,6013
3/18/20,1550,0.896,0.556748416,13,US,California,Marin County,6041
3/18/20,1226,2.458,1.527329918,47,US,California,Napa County,6055
3/18/20,17047,3.352,2.082835592,47,US,California,Sacramento County,6067
3/18/20,728,2.208,1.371987168,18,US,California,San Benito County,6069
3/18/20,3017,0.082,0.050952422,2,US,California,San Francisco County,6075
3/18/20,7618,3.412,2.120117852,52,US,California,San Joaquin County,6077
3/18/20,8722,0.855,0.531272205,12,US,California,San Mateo County,6081
3/18/20,15817,0.561,0.348589131,7,US,California,Santa Clara County,6085
3/18/20,1638,1.322,0.821452462,28,US,California,Santa Cruz County,6087
3/18/20,4293,3.125,1.941784375,43,US,California,Solano County,6095
3/18/20,3586,1.511,0.938891581,24,US,California,Sonoma County,6097
3/18/20,2608,2.78,1.72741138,47,US,California,Yolo County,6113
3/19/20,13632,0.327,0.203188317,5,US,California,Alameda County,6001
3/19/20,11324,0.845,0.525058495,11,US,California,Contra Costa County,6013
3/19/20,1486,1.078,0.669837938,16,US,California,Marin County,6041
3/19/20,1189,2.509,1.559019839,48,US,California,Napa County,6055
3/19/20,16775,2.787,1.731760977,39,US,California,Sacramento County,6067
3/19/20,686,2.478,1.539757338,21,US,California,San Benito County,6069
3/19/20,3155,0.042,0.026097582,1,US,California,San Francisco County,6075
3/19/20,7462,2.826,1.755994446,43,US,California,San Joaquin County,6077
3/19/20,8636,0.503,0.312549613,7,US,California,San Mateo County,6081
3/19/20,15464,0.212,0.131730652,2,US,California,Santa Clara County,6085
3/19/20,1639,1.108,0.688479068,24,US,California,Santa Cruz County,6087
3/19/20,4148,2.141,1.330355311,29,US,California,Solano County,6095
3/19/20,3620,1.519,0.943862549,24,US,California,Sonoma County,6097
3/19/20,2492,1.732,1.076214572,29,US,California,Yolo County,6113
3/20/20,11916,1.132,0.703391972,18,US,California,Alameda County,6001
3/20/20,10015,1.803,1.120331913,23,US,California,Contra Costa County,6013
3/20/20,1270,1.67,1.03768957,25,US,California,Marin County,6041
3/20/20,1079,2.352,1.461464592,45,US,California,Napa County,6055
3/20/20,15277,2.143,1.331598053,30,US,California,Sacramento County,6067
3/20/20,636,2.768,1.719954928,23,US,California,San Benito County,6069
3/20/20,2574,0.117,0.072700407,3,US,California,San Francisco County,6075
3/20/20,6918,2.98,1.85168558,45,US,California,San Joaquin County,6077
3/20/20,7265,1.611,1.001028681,23,US,California,San Mateo County,6081
3/20/20,13270,0.976,0.606458096,13,US,California,Santa Clara County,6085
3/20/20,1472,1.646,1.022776666,35,US,California,Santa Cruz County,6087
3/20/20,3806,3.076,1.911337196,43,US,California,Solano County,6095
3/20/20,3305,2.173,1.350239183,35,US,California,Sonoma County,6097
3/20/20,2290,2.522,1.567097662,43,US,California,Yolo County,6113
3/21/20,10088,0.052,0.032311292,0,US,California,Alameda County,6001
3/21/20,8573,0.442,0.274645982,5,US,California,Contra Costa County,6013
3/21/20,1097,1.012,0.628827452,15,US,California,Marin County,6041
3/21/20,911,0.324,0.201324204,6,US,California,Napa County,6055
3/21/20,13385,0.476,0.295772596,6,US,California,Sacramento County,6067
3/21/20,515,1.353,0.840714963,11,US,California,San Benito County,6069
3/21/20,2185,0.036,0.022369356,1,US,California,San Francisco County,6075
3/21/20,5892,0.655,0.406998005,10,US,California,San Joaquin County,6077
3/21/20,5911,0.366,0.227421786,5,US,California,San Mateo County,6081
3/21/20,11112,0.042,0.026097582,0,US,California,Santa Clara County,6085
3/21/20,1239,0.058,0.036039518,1,US,California,Santa Cruz County,6087
3/21/20,3215,1.162,0.722033102,16,US,California,Solano County,6095
3/21/20,2835,0.841,0.522573011,13,US,California,Sonoma County,6097
3/21/20,1852,0.836,0.519466156,14,US,California,Yolo County,6113
3/22/20,12676,0.046,0.028583066,0,US,California,Alameda County,6001
3/22/20,10949,0.282,0.175226622,3,US,California,Contra Costa County,6013
3/22/20,1449,0.63,0.39146373,9,US,California,Marin County,6041
3/22/20,1101,0.344,0.213751624,6,US,California,Napa County,6055
3/22/20,15927,0.195,0.121167345,2,US,California,Sacramento County,6067
3/22/20,636,0.072,0.044738712,0,US,California,San Benito County,6069
3/22/20,2613,0.042,0.026097582,1,US,California,San Francisco County,6075
3/22/20,7187,0.255,0.158449605,3,US,California,San Joaquin County,6077
3/22/20,7931,0.157,0.097555247,2,US,California,San Mateo County,6081
3/22/20,14457,0.041,0.025476211,0,US,California,Santa Clara County,6085
3/22/20,1484,0.08,0.04970968,1,US,California,Santa Cruz County,6087
3/22/20,4020,0.368,0.228664528,5,US,California,Solano County,6095
3/22/20,3437,0.53,0.32932663,8,US,California,Sonoma County,6097
3/22/20,2209,0.374,0.232392754,6,US,California,Yolo County,6113
3/23/20,13678,0.09,0.05592339,1,US,California,Alameda County,6001
3/23/20,11885,0.506,0.314413726,6,US,California,Contra Costa County,6013
3/23/20,1522,0.438,0.272160498,6,US,California,Marin County,6041
3/23/20,1194,1.412,0.877375852,27,US,California,Napa County,6055
3/23/20,16711,1.135,0.705256085,16,US,California,Sacramento County,6067
3/23/20,729,1.617,1.004756907,13,US,California,San Benito County,6069
3/23/20,2869,0.034,0.021126614,0,US,California,San Francisco County,6075
3/23/20,7731,1.924,1.195517804,29,US,California,San Joaquin County,6077
3/23/20,8553,0.23,0.14291533,3,US,California,San Mateo County,6081
3/23/20,15652,0.092,0.057166132,1,US,California,Santa Clara County,6085
3/23/20,1617,0.773,0.480319783,16,US,California,Santa Cruz County,6087
3/23/20,4222,1.602,0.995436342,22,US,California,Solano County,6095
3/23/20,3759,1.323,0.822073833,21,US,California,Sonoma County,6097
3/23/20,2384,1.156,0.718304876,19,US,California,Yolo County,6113
3/24/20,14323,0.042,0.026097582,0,US,California,Alameda County,6001
3/24/20,12305,0.208,0.129245168,2,US,California,Contra Costa County,6013
3/24/20,1603,0.269,0.167148799,4,US,California,Marin County,6041
3/24/20,1233,0.414,0.257247594,7,US,California,Napa County,6055
3/24/20,17423,0.63,0.39146373,8,US,California,Sacramento County,6067
3/24/20,773,1.579,0.981144809,13,US,California,San Benito County,6069
3/24/20,3150,0.027,0.016777017,0,US,California,San Francisco County,6075
3/24/20,8036,1.374,0.853763754,21,US,California,San Joaquin County,6077
3/24/20,9089,0.069,0.042874599,1,US,California,San Mateo County,6081
3/24/20,16712,0.041,0.025476211,0,US,California,Santa Clara County,6085
3/24/20,1684,0.114,0.070836294,2,US,California,Santa Cruz County,6087
3/24/20,4405,1.217,0.756208507,17,US,California,Solano County,6095
3/24/20,3992,0.574,0.356666954,9,US,California,Sonoma County,6097
3/24/20,2583,0.765,0.475348815,13,US,California,Yolo County,6113
3/25/20,13643,0.229,0.142293959,3,US,California,Alameda County,6001
3/25/20,12003,0.613,0.380900423,8,US,California,Contra Costa County,6013
3/25/20,1523,0.771,0.479077041,11,US,California,Marin County,6041
3/25/20,1207,1.317,0.818345607,25,US,California,Napa County,6055
3/25/20,16659,1.026,0.637526646,14,US,California,Sacramento County,6067
3/25/20,750,1.414,0.878618594,12,US,California,San Benito County,6069
3/25/20,2837,0.042,0.026097582,1,US,California,San Francisco County,6075
3/25/20,7698,1.699,1.055709329,26,US,California,San Joaquin County,6077
3/25/20,8628,0.356,0.221208076,5,US,California,San Mateo County,6081
3/25/20,15738,0.065,0.040389115,0,US,California,Santa Clara County,6085
3/25/20,1618,0.436,0.270917756,9,US,California,Santa Cruz County,6087
3/25/20,4213,2.082,1.293694422,29,US,California,Solano County,6095
3/25/20,3790,1.124,0.698421004,18,US,California,Sonoma County,6097
3/25/20,2414,1.236,0.768014556,21,US,California,Yolo County,6113
3/26/20,14270,0.098,0.060894358,1,US,California,Alameda County,6001
3/26/20,12185,0.48,0.29825808,6,US,California,Contra Costa County,6013
3/26/20,1587,0.869,0.539971399,13,US,California,Marin County,6041
3/26/20,1236,1.474,0.915900854,28,US,California,Napa County,6055
3/26/20,17004,1.093,0.679158503,15,US,California,Sacramento County,6067
3/26/20,741,1.918,1.191789578,16,US,California,San Benito County,6069
3/26/20,3045,0.029,0.018019759,0,US,California,San Francisco County,6075
3/26/20,7885,1.82,1.13089522,27,US,California,San Joaquin County,6077
3/26/20,9089,0.305,0.189518155,4,US,California,San Mateo County,6081
3/26/20,16443,0.056,0.034796776,0,US,California,Santa Clara County,6085
3/26/20,1610,0.378,0.234878238,8,US,California,Santa Cruz County,6087
3/26/20,4310,1.66,1.03147586,23,US,California,Solano County,6095
3/26/20,3859,1.022,0.635041162,16,US,California,Sonoma County,6097
3/26/20,2543,1.164,0.723275844,19,US,California,Yolo County,6113
3/27/20,13293,0.303,0.188275413,4,US,California,Alameda County,6001
3/27/20,11478,1.131,0.702770601,14,US,California,Contra Costa County,6013
3/27/20,1546,1.08,0.67108068,16,US,California,Marin County,6041
3/27/20,1181,1.679,1.043281909,32,US,California,Napa County,6055
3/27/20,16150,1.713,1.064408523,24,US,California,Sacramento County,6067
3/27/20,708,2.262,1.405541202,19,US,California,San Benito County,6069
3/27/20,2722,0.038,0.023612098,1,US,California,San Francisco County,6075
3/27/20,7314,2.536,1.575796856,38,US,California,San Joaquin County,6077
3/27/20,8520,0.438,0.272160498,6,US,California,San Mateo County,6081
3/27/20,15544,0.195,0.121167345,2,US,California,Santa Clara County,6085
3/27/20,1579,1.045,0.649332695,22,US,California,Santa Cruz County,6087
3/27/20,3995,2.228,1.384414588,31,US,California,Solano County,6095
3/27/20,3598,1.739,1.080564169,28,US,California,Sonoma County,6097
3/27/20,2344,1.551,0.963746421,26,US,California,Yolo County,6113
3/28/20,13757,0.031,0.019262501,0,US,California,Alameda County,6001
3/28/20,11970,0.042,0.026097582,0,US,California,Contra Costa County,6013
3/28/20,1570,0.164,0.101904844,2,US,California,Marin County,6041
3/28/20,1214,0.066,0.041010486,1,US,California,Napa County,6055
3/28/20,17174,0.063,0.039146373,0,US,California,Sacramento County,6067
3/28/20,746,0.298,0.185168558,2,US,California,San Benito County,6069
3/28/20,2919,0.025,0.015534275,0,US,California,San Francisco County,6075
3/28/20,7816,0.084,0.052195164,1,US,California,San Joaquin County,6077
3/28/20,8641,0.04,0.02485484,0,US,California,San Mateo County,6081
3/28/20,15885,0.03,0.01864113,0,US,California,Santa Clara County,6085
3/28/20,1660,0.04,0.02485484,0,US,California,Santa Cruz County,6087
3/28/20,4225,0.172,0.106875812,2,US,California,Solano County,6095
3/28/20,3800,0.074,0.045981454,1,US,California,Sonoma County,6097
3/28/20,2486,0.1,0.0621371,1,US,California,Yolo County,6113
3/29/20,14200,0.028,0.017398388,0,US,California,Alameda County,6001
3/29/20,12320,0.037,0.022990727,0,US,California,Contra Costa County,6013
3/29/20,1676,0.074,0.045981454,1,US,California,Marin County,6041
3/29/20,1226,0.043,0.026718953,0,US,California,Napa County,6055
3/29/20,17563,0.046,0.028583066,0,US,California,Sacramento County,6067
3/29/20,756,0.104,0.064622584,0,US,California,San Benito County,6069
3/29/20,3070,0.021,0.013048791,0,US,California,San Francisco County,6075
3/29/20,8019,0.051,0.031689921,0,US,California,San Joaquin County,6077
3/29/20,8898,0.028,0.017398388,0,US,California,San Mateo County,6081
3/29/20,16493,0.03,0.01864113,0,US,California,Santa Clara County,6085
3/29/20,1705,0.039,0.024233469,0,US,California,Santa Cruz County,6087
3/29/20,4291,0.047,0.029204437,0,US,California,Solano County,6095
3/29/20,3901,0.035,0.021747985,0,US,California,Sonoma County,6097
3/29/20,2490,0.136,0.084506456,2,US,California,Yolo County,6113
3/30/20,14727,0.05,0.03106855,0,US,California,Alameda County,6001
3/30/20,12628,0.462,0.287073402,6,US,California,Contra Costa County,6013
3/30/20,1649,0.52,0.32311292,7,US,California,Marin County,6041
3/30/20,1302,0.772,0.479698412,14,US,California,Napa County,6055
3/30/20,17911,0.608,0.377793568,8,US,California,Sacramento County,6067
3/30/20,747,1.606,0.997921826,13,US,California,San Benito County,6069
3/30/20,3302,0.03,0.01864113,0,US,California,San Francisco County,6075
3/30/20,8276,1.243,0.772364153,19,US,California,San Joaquin County,6077
3/30/20,9383,0.109,0.067729439,1,US,California,San Mateo County,6081
3/30/20,16935,0.05,0.03106855,0,US,California,Santa Clara County,6085
3/30/20,1737,0.494,0.306957274,10,US,California,Santa Cruz County,6087
3/30/20,4504,1.29,0.80156859,18,US,California,Solano County,6095
3/30/20,4039,0.698,0.433716958,11,US,California,Sonoma County,6097
3/30/20,2595,0.836,0.519466156,14,US,California,Yolo County,6113
3/31/20,14712,0.079,0.049088309,1,US,California,Alameda County,6001
3/31/20,12431,0.546,0.339268566,7,US,California,Contra Costa County,6013
3/31/20,1679,0.559,0.347346389,8,US,California,Marin County,6041
3/31/20,1305,1.066,0.662381486,20,US,California,Napa County,6055
3/31/20,17744,0.882,0.548049222,12,US,California,Sacramento County,6067
3/31/20,800,1.568,0.974309728,13,US,California,San Benito County,6069
3/31/20,3228,0.029,0.018019759,0,US,California,San Francisco County,6075
3/31/20,8297,1.399,0.869298029,21,US,California,San Joaquin County,6077
3/31/20,9323,0.122,0.075807262,1,US,California,San Mateo County,6081
3/31/20,16864,0.07,0.04349597,0,US,California,Santa Clara County,6085
3/31/20,1712,0.596,0.370337116,12,US,California,Santa Cruz County,6087
3/31/20,4489,1.349,0.838229479,18,US,California,Solano County,6095
3/31/20,4073,0.905,0.562340755,14,US,California,Sonoma County,6097
3/31/20,2668,0.97,0.60272987,16,US,California,Yolo County,6113
4/1/20,14383,0.074,0.045981454,1,US,California,Alameda County,6001
4/1/20,12500,0.504,0.313170984,6,US,California,Contra Costa County,6013
4/1/20,1689,0.44,0.27340324,6,US,California,Marin County,6041
4/1/20,1304,1.378,0.856249238,26,US,California,Napa County,6055
4/1/20,17563,1.046,0.649954066,14,US,California,Sacramento County,6067
4/1/20,744,1.532,0.951940372,13,US,California,San Benito County,6069
4/1/20,3236,0.026,0.016155646,0,US,California,San Francisco County,6075
4/1/20,8135,1.608,0.999164568,24,US,California,San Joaquin County,6077
4/1/20,9157,0.189,0.117439119,2,US,California,San Mateo County,6081
4/1/20,16634,0.065,0.040389115,0,US,California,Santa Clara County,6085
4/1/20,1721,0.512,0.318141952,11,US,California,Santa Cruz County,6087
4/1/20,4368,1.7,1.0563307,23,US,California,Solano County,6095
4/1/20,4054,1.063,0.660517373,17,US,California,Sonoma County,6097
4/1/20,2671,1.032,0.641254872,17,US,California,Yolo County,6113
4/2/20,14156,0.109,0.067729439,1,US,California,Alameda County,6001
4/2/20,12299,0.654,0.406376634,8,US,California,Contra Costa County,6013
4/2/20,1618,0.744,0.462300024,11,US,California,Marin County,6041
4/2/20,1277,1.547,0.961260937,29,US,California,Napa County,6055
4/2/20,17497,1.19,0.73943149,16,US,California,Sacramento County,6067
4/2/20,752,1.493,0.927706903,12,US,California,San Benito County,6069
4/2/20,2952,0.042,0.026097582,1,US,California,San Francisco County,6075
4/2/20,8034,1.546,0.960639566,23,US,California,San Joaquin County,6077
4/2/20,8984,0.258,0.160313718,3,US,California,San Mateo County,6081
4/2/20,16384,0.1,0.0621371,1,US,California,Santa Clara County,6085
4/2/20,1676,0.788,0.489640348,17,US,California,Santa Cruz County,6087
4/2/20,4330,2.005,1.245848855,28,US,California,Solano County,6095
4/2/20,3891,1.036,0.643740356,16,US,California,Sonoma County,6097
4/2/20,2526,1.132,0.703391972,19,US,California,Yolo County,6113
4/3/20,13979,0.283,0.175847993,4,US,California,Alameda County,6001
4/3/20,12068,1.2,0.7456452,15,US,California,Contra Costa County,6013
4/3/20,1566,0.847,0.526301237,12,US,California,Marin County,6041
4/3/20,1265,1.647,1.023398037,31,US,California,Napa County,6055
4/3/20,17090,1.755,1.090506105,24,US,California,Sacramento County,6067
4/3/20,746,2.136,1.327248456,18,US,California,San Benito County,6069
4/3/20,3026,0.043,0.026718953,1,US,California,San Francisco County,6075
4/3/20,7868,2.018,1.253926678,31,US,California,San Joaquin County,6077
4/3/20,8774,0.419,0.260354449,6,US,California,San Mateo County,6081
4/3/20,16170,0.317,0.196974607,4,US,California,Santa Clara County,6085
4/3/20,1721,0.905,0.562340755,19,US,California,Santa Cruz County,6087
4/3/20,4326,1.95,1.21167345,27,US,California,Solano County,6095
4/3/20,3925,1.436,0.892288756,23,US,California,Sonoma County,6097
4/3/20,2527,1.27,0.78914117,21,US,California,Yolo County,6113
4/4/20,13739,0.029,0.018019759,0,US,California,Alameda County,6001
4/4/20,11826,0.039,0.024233469,0,US,California,Contra Costa County,6013
4/4/20,1603,0.039,0.024233469,0,US,California,Marin County,6041
4/4/20,1220,0.037,0.022990727,0,US,California,Napa County,6055
4/4/20,17036,0.051,0.031689921,0,US,California,Sacramento County,6067
4/4/20,695,0.303,0.188275413,2,US,California,San Benito County,6069
4/4/20,2994,0.025,0.015534275,0,US,California,San Francisco County,6075
4/4/20,7763,0.082,0.050952422,1,US,California,San Joaquin County,6077
4/4/20,8844,0.032,0.019883872,0,US,California,San Mateo County,6081
4/4/20,16142,0.034,0.021126614,0,US,California,Santa Clara County,6085
4/4/20,1643,0.032,0.019883872,0,US,California,Santa Cruz County,6087
4/4/20,4246,0.158,0.098176618,2,US,California,Solano County,6095
4/4/20,3872,0.047,0.029204437,0,US,California,Sonoma County,6097
4/4/20,2463,0.073,0.045360083,1,US,California,Yolo County,6113
4/5/20,15264,0.022,0.013670162,0,US,California,Alameda County,6001
4/5/20,12726,0.027,0.016777017,0,US,California,Contra Costa County,6013
4/5/20,1661,0.041,0.025476211,0,US,California,Marin County,6041
4/5/20,1293,0.032,0.019883872,0,US,California,Napa County,6055
4/5/20,19027,0.027,0.016777017,0,US,California,Sacramento County,6067
4/5/20,716,0.032,0.019883872,0,US,California,San Benito County,6069
4/5/20,3441,0.02,0.01242742,0,US,California,San Francisco County,6075
4/5/20,8246,0.029,0.018019759,0,US,California,San Joaquin County,6077
4/5/20,9929,0.025,0.015534275,0,US,California,San Mateo County,6081
4/5/20,17640,0.021,0.013048791,0,US,California,Santa Clara County,6085
4/5/20,1670,0.023,0.014291533,0,US,California,Santa Cruz County,6087
4/5/20,4471,0.033,0.020505243,0,US,California,Solano County,6095
4/5/20,3974,0.038,0.023612098,0,US,California,Sonoma County,6097
4/5/20,2704,0.031,0.019262501,0,US,California,Yolo County,6113
4/6/20,13409,0.031,0.019262501,0,US,California,Alameda County,6001
4/6/20,11629,0.057,0.035418147,0,US,California,Contra Costa County,6013
4/6/20,1482,0.128,0.079535488,1,US,California,Marin County,6041
4/6/20,1211,0.519,0.322491549,10,US,California,Napa County,6055
4/6/20,16938,0.472,0.293287112,6,US,California,Sacramento County,6067
4/6/20,706,1.085,0.674187535,9,US,California,San Benito County,6069
4/6/20,2771,0.023,0.014291533,0,US,California,San Francisco County,6075
4/6/20,7589,1.005,0.624477855,15,US,California,San Joaquin County,6077
4/6/20,8511,0.032,0.019883872,0,US,California,San Mateo County,6081
4/6/20,15506,0.029,0.018019759,0,US,California,Santa Clara County,6085
4/6/20,1543,0.062,0.038525002,1,US,California,Santa Cruz County,6087
4/6/20,4138,1.069,0.664245599,14,US,California,Solano County,6095
4/6/20,3747,0.737,0.457950427,11,US,California,Sonoma County,6097
4/6/20,2430,0.51,0.31689921,8,US,California,Yolo County,6113
4/7/20,13799,0.063,0.039146373,1,US,California,Alameda County,6001
4/7/20,11745,0.424,0.263461304,5,US,California,Contra Costa County,6013
4/7/20,1542,0.56,0.34796776,8,US,California,Marin County,6041
4/7/20,1258,1.363,0.846928673,26,US,California,Napa County,6055
4/7/20,16992,0.857,0.532514947,12,US,California,Sacramento County,6067
4/7/20,742,1.672,1.038932312,14,US,California,San Benito County,6069
4/7/20,3010,0.033,0.020505243,0,US,California,San Francisco County,6075
4/7/20,7772,1.342,0.833879882,20,US,California,San Joaquin County,6077
4/7/20,8953,0.177,0.109982667,2,US,California,San Mateo County,6081
4/7/20,15755,0.046,0.028583066,0,US,California,Santa Clara County,6085
4/7/20,1595,0.163,0.101283473,3,US,California,Santa Cruz County,6087
4/7/20,4251,1.472,0.914658112,20,US,California,Solano County,6095
4/7/20,3844,0.964,0.599001644,15,US,California,Sonoma County,6097
4/7/20,2528,0.862,0.535621802,14,US,California,Yolo County,6113
4/8/20,14267,0.039,0.024233469,0,US,California,Alameda County,6001
4/8/20,12151,0.354,0.219965334,4,US,California,Contra Costa County,6013
4/8/20,1598,0.605,0.375929455,9,US,California,Marin County,6041
4/8/20,1240,1.208,0.750616168,23,US,California,Napa County,6055
4/8/20,17095,0.813,0.505174623,11,US,California,Sacramento County,6067
4/8/20,748,1.14,0.70836294,9,US,California,San Benito County,6069
4/8/20,3201,0.025,0.015534275,0,US,California,San Francisco County,6075
4/8/20,7748,1.218,0.756829878,18,US,California,San Joaquin County,6077
4/8/20,9179,0.047,0.029204437,0,US,California,San Mateo County,6081
4/8/20,16521,0.037,0.022990727,0,US,California,Santa Clara County,6085
4/8/20,1650,0.25,0.15534275,5,US,California,Santa Cruz County,6087
4/8/20,4264,1.642,1.020291182,22,US,California,Solano County,6095
4/8/20,3910,1.008,0.626341968,16,US,California,Sonoma County,6097
4/8/20,2552,0.597,0.370958487,10,US,California,Yolo County,6113
4/9/20,13948,0.041,0.025476211,0,US,California,Alameda County,6001
4/9/20,11757,0.283,0.175847993,3,US,California,Contra Costa County,6013
4/9/20,1548,0.617,0.383385907,9,US,California,Marin County,6041
4/9/20,1207,1.147,0.712712537,22,US,California,Napa County,6055
4/9/20,17201,0.534,0.331812114,7,US,California,Sacramento County,6067
4/9/20,742,1.108,0.688479068,9,US,California,San Benito County,6069
4/9/20,3120,0.028,0.017398388,0,US,California,San Francisco County,6075
4/9/20,7854,1.06,0.65865326,16,US,California,San Joaquin County,6077
4/9/20,8762,0.063,0.039146373,0,US,California,San Mateo County,6081
4/9/20,15938,0.037,0.022990727,0,US,California,Santa Clara County,6085
4/9/20,1692,0.054,0.033554034,1,US,California,Santa Cruz County,6087
4/9/20,4311,1.402,0.871162142,19,US,California,Solano County,6095
4/9/20,3871,0.75,0.46602825,12,US,California,Sonoma County,6097
4/9/20,2523,0.631,0.392085101,10,US,California,Yolo County,6113
4/10/20,12694,0.35,0.21747985,5,US,California,Alameda County,6001
4/10/20,10941,1.143,0.710227053,15,US,California,Contra Costa County,6013
4/10/20,1390,1.312,0.815238752,19,US,California,Marin County,6041
4/10/20,1140,1.946,1.209187966,37,US,California,Napa County,6055
4/10/20,16105,1.58,0.98176618,22,US,California,Sacramento County,6067
4/10/20,709,1.37,0.85127827,11,US,California,San Benito County,6069
4/10/20,2684,0.05,0.03106855,1,US,California,San Francisco County,6075
4/10/20,7403,1.971,1.224722241,30,US,California,San Joaquin County,6077
4/10/20,7872,0.593,0.368473003,8,US,California,San Mateo County,6081
4/10/20,14416,0.336,0.208780656,4,US,California,Santa Clara County,6085
4/10/20,1517,0.568,0.352938728,12,US,California,Santa Cruz County,6087
4/10/20,3928,2.122,1.318549262,29,US,California,Solano County,6095
4/10/20,3570,1.598,0.992950858,25,US,California,Sonoma County,6097
4/10/20,2339,1.417,0.880482707,24,US,California,Yolo County,6113
4/11/20,13369,0.036,0.022369356,0,US,California,Alameda County,6001
4/11/20,11387,0.357,0.221829447,4,US,California,Contra Costa County,6013
4/11/20,1463,0.359,0.223072189,5,US,California,Marin County,6041
4/11/20,1166,0.424,0.263461304,8,US,California,Napa County,6055
4/11/20,16610,0.448,0.278374208,6,US,California,Sacramento County,6067
4/11/20,721,0.806,0.500825026,6,US,California,San Benito County,6069
4/11/20,2843,0.027,0.016777017,0,US,California,San Francisco County,6075
4/11/20,7454,0.582,0.361637922,8,US,California,San Joaquin County,6077
4/11/20,8586,0.054,0.033554034,0,US,California,San Mateo County,6081
4/11/20,15262,0.049,0.030447179,0,US,California,Santa Clara County,6085
4/11/20,1596,0.046,0.028583066,1,US,California,Santa Cruz County,6087
4/11/20,4035,0.773,0.480319783,10,US,California,Solano County,6095
4/11/20,3679,0.382,0.237363722,6,US,California,Sonoma County,6097
4/11/20,2348,0.725,0.450493975,12,US,California,Yolo County,6113
4/12/20,13244,0.024,0.014912904,0,US,California,Alameda County,6001
4/12/20,11312,0.032,0.019883872,0,US,California,Contra Costa County,6013
4/12/20,1436,0.082,0.050952422,1,US,California,Marin County,6041
4/12/20,1144,0.039,0.024233469,0,US,California,Napa County,6055
4/12/20,16479,0.039,0.024233469,0,US,California,Sacramento County,6067
4/12/20,680,0.044,0.027340324,0,US,California,San Benito County,6069
4/12/20,2851,0.019,0.011806049,0,US,California,San Francisco County,6075
4/12/20,7527,0.035,0.021747985,0,US,California,San Joaquin County,6077
4/12/20,8309,0.026,0.016155646,0,US,California,San Mateo County,6081
4/12/20,15254,0.025,0.015534275,0,US,California,Santa Clara County,6085
4/12/20,1579,0.03,0.01864113,0,US,California,Santa Cruz County,6087
4/12/20,4087,0.035,0.021747985,0,US,California,Solano County,6095
4/12/20,3578,0.038,0.023612098,0,US,California,Sonoma County,6097
4/12/20,2372,0.044,0.027340324,0,US,California,Yolo County,6113